year_month,sum_revenue
2005-05,4823.4400000000005
2005-06,9629.890000000001
2005-07,28368.91
2005-08,24070.14
